"DESCRIPTION","DURATION IN MS","NAME","PARENT SUITE","START TIME","STATUS","STOP TIME","SUB SUITE","SUITE","TEST CLASS","TEST METHOD"
"","713","test_golden_question_ui[GQ-031]","tests.ui","2026-08-25","failed","2026-08-25","","test_KnowledgeAssistantPage","",""
"","723","test_golden_question_ui[GQ-048]","tests.ui","2026-08-25","passed","2026-08-25","","test_KnowledgeAssistantPage","",""
"","723","test_golden_question_ui[GQ-049]","tests.ui","2026-08-25","passed","2026-08-25","","test_KnowledgeAssistantPage","",""
"","729","test_golden_question_ui[GQ-001]","tests.ui","2026-08-25","passed","2026-08-25","","test_KnowledgeAssistantPage","",""
"","724","test_golden_question_ui[GQ-045]","tests.ui","2026-08-25","passed","2026-08-25","","test_KnowledgeAssistantPage","",""
"","718","test_golden_question_ui[GQ-058]","tests.ui","2026-08-25","failed","2026-08-25","","test_KnowledgeAssistantPage","",""
"","729","test_golden_question_ui[GQ-040]","tests.ui","2026-08-25","passed","2026-08-25","","test_KnowledgeAssistantPage","",""
"","704","test_golden_question_ui[GQ-054]","tests.ui","2026-08-25","passed","2026-08-25","","test_KnowledgeAssistantPage","",""
"","715","test_golden_question_ui[GQ-032]","tests.ui","2026-08-25","passed","2026-08-25","","test_KnowledgeAssistantPage","",""
"","708","test_golden_question_ui[GQ-033]","tests.ui","2026-08-25","passed","2026-08-25","","test_KnowledgeAssistantPage","",""
"","731","test_golden_question_ui[GQ-003]","tests.ui","2026-08-25","failed","2026-08-25","","test_KnowledgeAssistantPage","",""
"","751","test_golden_question_ui[GQ-002]","tests.ui","2026-08-25","failed","2026-08-25","","test_KnowledgeAssistantPage","",""
"","713","test_golden_question_ui[GQ-007]","tests.ui","2026-08-25","failed","2026-08-25","","test_KnowledgeAssistantPage","",""
"","719","test_golden_question_ui[GQ-026]","tests.ui","2026-08-25","passed","2026-08-25","","test_KnowledgeAssistantPage","",""
"","729","test_golden_question_ui[GQ-021]","tests.ui","2026-08-25","failed","2026-08-25","","test_KnowledgeAssistantPage","",""
"","700","test_golden_question_ui[GQ-019]","tests.ui","2026-08-25","failed","2026-08-25","","test_KnowledgeAssistantPage","",""
"","719","test_golden_question_ui[GQ-013]","tests.ui","2026-08-25","passed","2026-08-25","","test_KnowledgeAssistantPage","",""
"","710","test_golden_question_ui[GQ-035]","tests.ui","2026-08-25","passed","2026-08-25","","test_KnowledgeAssistantPage","",""
"","706","test_golden_question_ui[GQ-022]","tests.ui","2026-08-25","failed","2026-08-25","","test_KnowledgeAssistantPage","",""
"","695","test_golden_question_ui[GQ-012]","tests.ui","2026-08-25","passed","2026-08-25","","test_KnowledgeAssistantPage","",""
"","731","test_golden_question_ui[GQ-011]","tests.ui","2026-08-25","passed","2026-08-25","","test_KnowledgeAssistantPage","",""
"","708","test_golden_question_ui[GQ-020]","tests.ui","2026-08-25","passed","2026-08-25","","test_KnowledgeAssistantPage","",""
"","774","test_golden_question_ui[GQ-037]","tests.ui","2026-08-25","failed","2026-08-25","","test_KnowledgeAssistantPage","",""
"","738","test_golden_question_ui[GQ-060]","tests.ui","2026-08-25","failed","2026-08-25","","test_KnowledgeAssistantPage","",""
"","708","test_golden_question_ui[GQ-036]","tests.ui","2026-08-25","failed","2026-08-25","","test_KnowledgeAssistantPage","",""
"","712","test_golden_question_ui[GQ-061]","tests.ui","2026-08-25","failed","2026-08-25","","test_KnowledgeAssistantPage","",""
"","723","test_golden_question_ui[GQ-006]","tests.ui","2026-08-25","passed","2026-08-25","","test_KnowledgeAssistantPage","",""
"","710","test_golden_question_ui[GQ-043]","tests.ui","2026-08-25","failed","2026-08-25","","test_KnowledgeAssistantPage","",""
"","724","test_golden_question_ui[GQ-044]","tests.ui","2026-08-25","passed","2026-08-25","","test_KnowledgeAssistantPage","",""
"","714","test_golden_question_ui[GQ-029]","tests.ui","2026-08-25","passed","2026-08-25","","test_KnowledgeAssistantPage","",""
"","696","test_golden_question_ui[GQ-015]","tests.ui","2026-08-25","passed","2026-08-25","","test_KnowledgeAssistantPage","",""
"","734","test_golden_question_ui[GQ-046]","tests.ui","2026-08-25","passed","2026-08-25","","test_KnowledgeAssistantPage","",""
"","734","test_golden_question_ui[GQ-017]","tests.ui","2026-08-25","passed","2026-08-25","","test_KnowledgeAssistantPage","",""
"","747","test_golden_question_ui[GQ-052]","tests.ui","2026-08-25","passed","2026-08-25","","test_KnowledgeAssistantPage","",""
"","726","test_golden_question_ui[GQ-018]","tests.ui","2026-08-25","passed","2026-08-25","","test_KnowledgeAssistantPage","",""
"","709","test_golden_question_ui[GQ-034]","tests.ui","2026-08-25","passed","2026-08-25","","test_KnowledgeAssistantPage","",""
"","696","test_golden_question_ui[GQ-014]","tests.ui","2026-08-25","passed","2026-08-25","","test_KnowledgeAssistantPage","",""
"","713","test_golden_question_ui[GQ-004]","tests.ui","2026-08-25","passed","2026-08-25","","test_KnowledgeAssistantPage","",""
"","701","test_golden_question_ui[GQ-023]","tests.ui","2026-08-25","failed","2026-08-25","","test_KnowledgeAssistantPage","",""
"","734","test_golden_question_ui[GQ-055]","tests.ui","2026-08-25","passed","2026-08-25","","test_KnowledgeAssistantPage","",""
"","747","test_golden_question_ui[GQ-050]","tests.ui","2026-08-25","passed","2026-08-25","","test_KnowledgeAssistantPage","",""
"","700","test_golden_question_ui[GQ-039]","tests.ui","2026-08-25","passed","2026-08-25","","test_KnowledgeAssistantPage","",""
"","709","test_golden_question_ui[GQ-010]","tests.ui","2026-08-25","failed","2026-08-25","","test_KnowledgeAssistantPage","",""
"","701","test_golden_question_ui[GQ-028]","tests.ui","2026-08-25","passed","2026-08-25","","test_KnowledgeAssistantPage","",""
"","698","test_golden_question_ui[GQ-053]","tests.ui","2026-08-25","passed","2026-08-25","","test_KnowledgeAssistantPage","",""
"","744","test_golden_question_ui[GQ-027]","tests.ui","2026-08-25","passed","2026-08-25","","test_KnowledgeAssistantPage","",""
"","716","test_golden_question_ui[GQ-038]","tests.ui","2026-08-25","failed","2026-08-25","","test_KnowledgeAssistantPage","",""
"","705","test_golden_question_ui[GQ-059]","tests.ui","2026-08-25","passed","2026-08-25","","test_KnowledgeAssistantPage","",""
"","713","test_golden_question_ui[GQ-025]","tests.ui","2026-08-25","passed","2026-08-25","","test_KnowledgeAssistantPage","",""
"","717","test_golden_question_ui[GQ-047]","tests.ui","2026-08-25","passed","2026-08-25","","test_KnowledgeAssistantPage","",""
"","737","test_golden_question_ui[GQ-041]","tests.ui","2026-08-25","failed","2026-08-25","","test_KnowledgeAssistantPage","",""
"","716","test_golden_question_ui[GQ-042]","tests.ui","2026-08-25","failed","2026-08-25","","test_KnowledgeAssistantPage","",""
"","703","test_golden_question_ui[GQ-009]","tests.ui","2026-08-25","failed","2026-08-25","","test_KnowledgeAssistantPage","",""
"","707","test_golden_question_ui[GQ-062]","tests.ui","2026-08-25","passed","2026-08-25","","test_KnowledgeAssistantPage","",""
"","714","test_golden_question_ui[GQ-030]","tests.ui","2026-08-25","failed","2026-08-25","","test_KnowledgeAssistantPage","",""
"","717","test_golden_question_ui[GQ-016]","tests.ui","2026-08-25","failed","2026-08-25","","test_KnowledgeAssistantPage","",""
"","728","test_golden_question_ui[GQ-051]","tests.ui","2026-08-25","passed","2026-08-25","","test_KnowledgeAssistantPage","",""
"","713","test_golden_question_ui[GQ-024]","tests.ui","2026-08-25","failed","2026-08-25","","test_KnowledgeAssistantPage","",""
"","705","test_golden_question_ui[GQ-008]","tests.ui","2026-08-25","passed","2026-08-25","","test_KnowledgeAssistantPage","",""
"","722","test_golden_question_ui[GQ-005]","tests.ui","2026-08-25","failed","2026-08-25","","test_KnowledgeAssistantPage","",""
